id,submission_id,user_id,comment_desc,comment_time,created_at,updated_at
04fb0f8b-fbfd-426c-9758-90ed98ecc4a4,235f01b3-9017-422a-9d4a-291c8af7f153,5422c20f-c4bf-4416-9a68-e798edbffeb0,Adfero accusantium socius curtus apto vicinus est.,2025-09-14 15:31:30.737,2025-09-18 19:03:12.258,2025-09-18 19:03:12.258
062392b5-3962-4d9f-aca2-1472fa6e20d7,6110bdfb-e501-433b-9938-9a7201e85a30,62589d0a-1e7d-473d-a034-8eb7d01cae5e,Creta acer carmen cimentarius vester quod aegre curvo canto ago.,2025-09-15 21:28:05.109,2025-09-18 19:03:10.106,2025-09-18 19:03:10.106
0c413a65-0a3d-4999-b98e-eb2c0900e09a,fa7e08c3-5f96-4fc8-b306-93c50c3c1b16,5422c20f-c4bf-4416-9a68-e798edbffeb0,Trucido cavus complectus traho candidus amiculum dedecor.,2025-09-17 19:39:30.298,2025-09-18 19:03:10.619,2025-09-18 19:03:10.619
14b889a2-376c-4832-9127-5c03097e76dc,b4984c06-6f5c-41c0-9d0d-a1ba2d5387c3,da651daa-5f59-4908-bfb7-259a412cc43a,Atqui armarium annus aeneus beneficium suggero adinventitias crebro.,2025-09-17 20:21:29.073,2025-09-18 19:03:10.925,2025-09-18 19:03:10.925
2a7cc0ef-00d0-4c3a-a379-387473e9ea82,935fb7f9-289f-474d-8f8b-65618b53148c,62589d0a-1e7d-473d-a034-8eb7d01cae5e,Timor ventus rerum tenus carpo una.,2025-09-15 12:18:40.187,2025-09-18 19:03:11.508,2025-09-18 19:03:11.508
37202441-febd-4a48-9afc-90f5d830f220,b4984c06-6f5c-41c0-9d0d-a1ba2d5387c3,55963c19-c0cd-4861-bed4-7392a569b0e2,Beneficium amoveo coruscus toties tabesco auditor appositus.,2025-09-18 18:42:04.894,2025-09-18 19:03:11.13,2025-09-18 19:03:11.13
3cadff82-054e-49be-a08a-5de4fcd0a756,fa7e08c3-5f96-4fc8-b306-93c50c3c1b16,55963c19-c0cd-4861-bed4-7392a569b0e2,Tempus ullam utroque acquiro surculus coniuratio vito vulticulus nihil.,2025-09-15 16:41:14.597,2025-09-18 19:03:10.722,2025-09-18 19:03:10.722
3fba4204-7b8b-4a15-9f40-1c92f1123019,1e95c7af-4539-47a1-9829-27d10b8313a4,d0626640-d07b-41d6-90fd-9ddc57489295,Thymbra caries tabernus tantillus communis virgo arcesso sumo.,2025-09-16 12:14:38.669,2025-09-18 19:03:13.179,2025-09-18 19:03:13.179
4227af87-aac4-4380-9734-19d6de5b8a6c,235f01b3-9017-422a-9d4a-291c8af7f153,da651daa-5f59-4908-bfb7-259a412cc43a,Consectetur acsi dignissimos tener occaecati capto.,2025-09-16 02:17:46.317,2025-09-18 19:03:12.155,2025-09-18 19:03:12.155
523b8b0c-52e9-4cd5-be1d-8facab58aad7,6110bdfb-e501-433b-9938-9a7201e85a30,90badeb3-9b77-4cc6-a94d-83f54ac064e8,Quo argentum summisse decretum ex auctor caecus.,2025-09-17 23:26:25.616,2025-09-18 19:03:10.313,2025-09-18 19:03:10.313
5debbb4b-7251-41cd-9d9a-260bf854f1a0,d48009e2-8adb-4928-8951-1afff8077917,950f1ba0-73e6-4cde-96ac-233dbbca40c9,Cui defetiscor voluptas denique vero veritas dedecor.,2025-09-16 13:44:46.315,2025-09-18 19:03:12.668,2025-09-18 19:03:12.668
5ee0bfd9-cf51-48b4-904e-54676beb9bd2,b4984c06-6f5c-41c0-9d0d-a1ba2d5387c3,5422c20f-c4bf-4416-9a68-e798edbffeb0,Alias arca voluptatibus casso vulnus ducimus.,2025-09-14 20:08:07.056,2025-09-18 19:03:11.03,2025-09-18 19:03:11.03
615adb90-a511-4d2d-a725-ae12ebeb6217,6bd1c340-3942-4bd1-8ed3-10df908f4dbe,90badeb3-9b77-4cc6-a94d-83f54ac064e8,Creta uberrime vitium aegrus contigo acies.,2025-09-14 12:30:53.749,2025-09-18 19:03:13.384,2025-09-18 19:03:13.384
6b41c849-f124-471a-876c-7e8e0f73c36f,935fb7f9-289f-474d-8f8b-65618b53148c,950f1ba0-73e6-4cde-96ac-233dbbca40c9,Clibanus doloremque absens compono tabesco curso basium.,2025-09-18 00:24:09.743,2025-09-18 19:03:11.438,2025-09-18 19:03:11.438
6ddb5ce1-672d-40c8-976f-5d1ae090d906,5e2e28fe-6ddc-4551-85b1-ee324cf4ef99,da651daa-5f59-4908-bfb7-259a412cc43a,In eveniet teres caries exercitationem utor.,2025-09-15 08:32:38.414,2025-09-18 19:03:13.691,2025-09-18 19:03:13.691
74bc0460-cdd1-4455-bbe0-1edf3239e798,afa7cbcd-be90-4f6c-82b5-f11476ca5dda,5422c20f-c4bf-4416-9a68-e798edbffeb0,Cum adiuvo turbo.,2025-09-15 08:48:42.953,2025-09-18 19:03:11.744,2025-09-18 19:03:11.744
798b0c08-1afd-4ca0-9532-b5d31f363096,afa7cbcd-be90-4f6c-82b5-f11476ca5dda,950f1ba0-73e6-4cde-96ac-233dbbca40c9,Surgo consuasor nulla absens viduo.,2025-09-15 15:50:10.494,2025-09-18 19:03:11.799,2025-09-18 19:03:11.799
8622e5cb-bb10-41c8-a667-2b0697fb4b7b,7d3398f9-74aa-491a-8dce-ecda39cd1370,da651daa-5f59-4908-bfb7-259a412cc43a,Verbera viduo demonstro quisquam abeo.,2025-09-13 20:58:06.019,2025-09-18 19:03:10.515,2025-09-18 19:03:10.515
9957b87a-ee27-43a3-926d-01f7b286e356,bbd2a625-0b31-48e7-bbff-d71641dd7778,62589d0a-1e7d-473d-a034-8eb7d01cae5e,Desparatus cubicularis vulgaris dedico spargo.,2025-09-16 00:38:00.556,2025-09-18 19:03:11.311,2025-09-18 19:03:11.311
995e8345-37c8-48d0-b160-2422e2ed3d31,d48009e2-8adb-4928-8951-1afff8077917,43a8e704-1ea7-4754-93b2-f19363ae9140,Demulceo amplus stipes.,2025-09-14 01:27:07.218,2025-09-18 19:03:12.871,2025-09-18 19:03:12.871
9e837dcc-216b-42fe-93e9-9efbd5852f8e,fa7e08c3-5f96-4fc8-b306-93c50c3c1b16,a6dbbc23-130c-451d-9b3f-ab40d0de8f5b,Cinis corona impedit sufficio excepturi trepide tamdiu odit accusamus.,2025-09-15 05:34:57.715,2025-09-18 19:03:10.822,2025-09-18 19:03:10.822
a60a3eb6-8f74-47fa-af2c-97a47b2a5e10,1e95c7af-4539-47a1-9829-27d10b8313a4,5422c20f-c4bf-4416-9a68-e798edbffeb0,Testimonium amaritudo traho depono vulticulus conspergo.,2025-09-17 03:14:13.399,2025-09-18 19:03:13.077,2025-09-18 19:03:13.077
a8916636-3d9e-4fa0-b4fc-7a7231fb66af,22a9966c-7a49-48c9-ad36-26bcc41f3391,43a8e704-1ea7-4754-93b2-f19363ae9140,Termes trepide verbera cum aro talus vereor.,2025-09-14 02:42:30.273,2025-09-18 19:03:12.565,2025-09-18 19:03:12.565
c3c83d96-907a-48c2-93bd-228b6df1af50,f4d92c5e-6e76-4142-b3fe-5ad4b63639b0,da651daa-5f59-4908-bfb7-259a412cc43a,Vobis bellicus titulus doloremque tripudio ceno adipisci vulnero defungo vito.,2025-09-18 06:54:11.894,2025-09-18 19:03:11.951,2025-09-18 19:03:11.951
c7c52885-cf43-45ab-be0d-ce3e4b4631dd,935fb7f9-289f-474d-8f8b-65618b53148c,950f1ba0-73e6-4cde-96ac-233dbbca40c9,Amicitia damnatio culpo trado aggredior deludo defluo.,2025-09-14 12:33:13.301,2025-09-18 19:03:11.643,2025-09-18 19:03:11.643
cabba0a2-ae4a-47bd-9293-7f2b695231b0,3034f6dc-19b4-4d85-a035-efe3dd874a54,d0626640-d07b-41d6-90fd-9ddc57489295,Villa vita aduro umquam aspicio umbra tabula.,2025-09-15 22:30:24.195,2025-09-18 19:03:11.233,2025-09-18 19:03:11.233
d04f710c-3acb-4032-9b38-864b4a56307a,c3c5c085-1893-4185-aa19-2837205d57d2,d0626640-d07b-41d6-90fd-9ddc57489295,Tempora amiculum iusto aestus theca adipisci minus traho.,2025-09-14 08:31:30.398,2025-09-18 19:03:13.282,2025-09-18 19:03:13.282
d4ce243a-6d08-4881-b303-3c5ccbbd77af,f4d92c5e-6e76-4142-b3fe-5ad4b63639b0,a6dbbc23-130c-451d-9b3f-ab40d0de8f5b,Sono subiungo sum.,2025-09-13 23:52:49.225,2025-09-18 19:03:12.002,2025-09-18 19:03:12.002
d64440cf-688e-4e24-9a13-86a8aa550939,d48009e2-8adb-4928-8951-1afff8077917,5422c20f-c4bf-4416-9a68-e798edbffeb0,Absum pecus cognomen carbo aliquam consuasor adeptio calcar basium.,2025-09-16 01:25:29.795,2025-09-18 19:03:12.77,2025-09-18 19:03:12.77
d8b0a56f-79a8-49c2-a328-ea70431f2cd6,1e95c7af-4539-47a1-9829-27d10b8313a4,43a8e704-1ea7-4754-93b2-f19363ae9140,Volubilis admitto spoliatio utpote corpus adsidue aeger.,2025-09-17 14:00:13.746,2025-09-18 19:03:12.974,2025-09-18 19:03:12.974
dc0ba81d-e8dd-4c1d-8054-412ccf8878ce,5e2e28fe-6ddc-4551-85b1-ee324cf4ef99,62589d0a-1e7d-473d-a034-8eb7d01cae5e,Cupiditas corrigo tracto admitto territo caput ambitus adfectus debilito veritas.,2025-09-14 06:37:23.384,2025-09-18 19:03:13.589,2025-09-18 19:03:13.589
df4f416e-fe4d-4954-9f57-fdcaafb653cd,5e2e28fe-6ddc-4551-85b1-ee324cf4ef99,62589d0a-1e7d-473d-a034-8eb7d01cae5e,Absum stella confero solium.,2025-09-16 00:04:17.784,2025-09-18 19:03:13.487,2025-09-18 19:03:13.487
e313efdf-5e0e-44ce-b19c-02b3aa0f33c3,22a9966c-7a49-48c9-ad36-26bcc41f3391,d0626640-d07b-41d6-90fd-9ddc57489295,Nobis solus tametsi turba delectatio voluptatem aeneus advenio.,2025-09-17 07:36:12.237,2025-09-18 19:03:12.462,2025-09-18 19:03:12.462
ef37f273-4abe-4699-ad24-82321b45171c,235f01b3-9017-422a-9d4a-291c8af7f153,5422c20f-c4bf-4416-9a68-e798edbffeb0,Rem causa illo cur statua vulariter.,2025-09-16 20:57:56.168,2025-09-18 19:03:12.361,2025-09-18 19:03:12.361
f9039015-c3c3-4841-87ce-4eb028bd6618,7d3398f9-74aa-491a-8dce-ecda39cd1370,a6dbbc23-130c-451d-9b3f-ab40d0de8f5b,Consequuntur tibi conculco summisse advenio amplitudo.,2025-09-14 23:58:46.31,2025-09-18 19:03:10.414,2025-09-18 19:03:10.414