id,assign_id,user_id,submission_file,submission_desc,submission_time,created_at,updated_at
1e95c7af-4539-47a1-9829-27d10b8313a4,0039b618-98df-4c0d-aae3-f0f2660219ae,950f1ba0-73e6-4cde-96ac-233dbbca40c9,,Campana surgo decimus cupiditate sint ubi.,2025-09-26 06:43:27.43,2025-09-18 19:03:09.372,2025-09-18 19:03:09.372
22a9966c-7a49-48c9-ad36-26bcc41f3391,a7530910-8e8f-4f03-9e3d-70c2da0737ce,90badeb3-9b77-4cc6-a94d-83f54ac064e8,,Possimus eaque validus certe.,2025-10-05 04:34:11.078,2025-09-18 19:03:09.184,2025-09-18 19:03:09.184
235f01b3-9017-422a-9d4a-291c8af7f153,a7530910-8e8f-4f03-9e3d-70c2da0737ce,d0626640-d07b-41d6-90fd-9ddc57489295,,Audeo denuo atqui minus non amet consuasor esse.,2025-09-26 01:00:09.2,2025-09-18 19:03:09.083,2025-09-18 19:03:09.083
245bf8e5-424d-47b6-827f-13817c27bfd6,d59b28fc-9a4f-48a8-bf5e-f9b64740ebc7,55963c19-c0cd-4861-bed4-7392a569b0e2,,Adulatio benigne angelus amplus brevis.,2025-09-17 15:45:53.288,2025-09-18 19:03:09.596,2025-09-18 19:03:09.596
3034f6dc-19b4-4d85-a035-efe3dd874a54,c75a3ece-2a5e-4f70-bfb5-832422dc832e,950f1ba0-73e6-4cde-96ac-233dbbca40c9,,Tabgo nobis adnuo decens aveho minima casso accommodo.,2025-09-26 20:08:22.927,2025-09-18 19:03:08.47,2025-09-18 19:03:08.47
5e2e28fe-6ddc-4551-85b1-ee324cf4ef99,392b9884-f7d1-4e78-8866-851a9cd131e8,90badeb3-9b77-4cc6-a94d-83f54ac064e8,,Quam canonicus demo cursus cubitum consequatur comminor vel consuasor.,2025-09-21 14:04:34.444,2025-09-18 19:03:09.903,2025-09-18 19:03:09.903
6110bdfb-e501-433b-9938-9a7201e85a30,42fafee4-546d-41e3-abdd-fc24c917f1aa,62589d0a-1e7d-473d-a034-8eb7d01cae5e,,Ustilo aer turbo clamo laudantium.,2025-09-22 00:03:01.519,2025-09-18 19:03:07.957,2025-09-18 19:03:07.957
6bd1c340-3942-4bd1-8ed3-10df908f4dbe,d59b28fc-9a4f-48a8-bf5e-f9b64740ebc7,da651daa-5f59-4908-bfb7-259a412cc43a,,Sursum deinde venio ter blandior artificiose.,2025-09-30 11:03:01.186,2025-09-18 19:03:09.698,2025-09-18 19:03:09.698
7d3398f9-74aa-491a-8dce-ecda39cd1370,01396932-60bb-464f-9b6d-70cc264cccdf,90badeb3-9b77-4cc6-a94d-83f54ac064e8,,Amicitia vulgus ter contra vomica venustas decretum carcer.,2025-09-18 19:16:32.418,2025-09-18 19:03:08.161,2025-09-18 19:03:08.161
7e38dee4-9fe2-4fa4-8d57-6f6c37608952,392b9884-f7d1-4e78-8866-851a9cd131e8,55963c19-c0cd-4861-bed4-7392a569b0e2,,Abstergo cubo combibo deorsum statim tener venio.,2025-09-26 02:04:50.69,2025-09-18 19:03:09.992,2025-09-18 19:03:09.992
92701412-c869-4c68-998b-9bdbe1c0da41,c75a3ece-2a5e-4f70-bfb5-832422dc832e,43a8e704-1ea7-4754-93b2-f19363ae9140,,Eius confido comburo caput deorsum vitiosus conitor canonicus crapula.,2025-09-14 08:19:11.244,2025-09-18 19:03:08.573,2025-09-18 19:03:08.573
935fb7f9-289f-474d-8f8b-65618b53148c,1d66969f-b3f4-4c7e-bb44-205e06ec7813,950f1ba0-73e6-4cde-96ac-233dbbca40c9,,Consequuntur tametsi cultellus nam acidus bibo cicuta baiulus denuo.,2025-09-27 04:24:18.972,2025-09-18 19:03:08.777,2025-09-18 19:03:08.777
afa7cbcd-be90-4f6c-82b5-f11476ca5dda,1d66969f-b3f4-4c7e-bb44-205e06ec7813,55963c19-c0cd-4861-bed4-7392a569b0e2,,Recusandae thema aggero tres clam atque appello.,2025-09-28 07:43:50.799,2025-09-18 19:03:08.879,2025-09-18 19:03:08.879
b4984c06-6f5c-41c0-9d0d-a1ba2d5387c3,01396932-60bb-464f-9b6d-70cc264cccdf,43a8e704-1ea7-4754-93b2-f19363ae9140,,Urbs coniuratio consectetur suppono victoria tredecim.,2025-09-19 13:02:40.407,2025-09-18 19:03:08.367,2025-09-18 19:03:08.367
b69f38b6-882c-452c-9d7e-b1e28b97232b,392b9884-f7d1-4e78-8866-851a9cd131e8,d0626640-d07b-41d6-90fd-9ddc57489295,,Pectus spoliatio desolo turba cubicularis.,2025-10-08 12:11:48.027,2025-09-18 19:03:09.8,2025-09-18 19:03:09.8
bbd2a625-0b31-48e7-bbff-d71641dd7778,c75a3ece-2a5e-4f70-bfb5-832422dc832e,90badeb3-9b77-4cc6-a94d-83f54ac064e8,,Vilis tego cogo subvenio stabilis tabesco despecto temptatio sed adflicto.,2025-09-24 04:10:25.859,2025-09-18 19:03:08.675,2025-09-18 19:03:08.675
c3c5c085-1893-4185-aa19-2837205d57d2,0039b618-98df-4c0d-aae3-f0f2660219ae,62589d0a-1e7d-473d-a034-8eb7d01cae5e,,Despecto venio vulpes pel necessitatibus capio.,2025-09-21 12:08:44.267,2025-09-18 19:03:09.493,2025-09-18 19:03:09.493
d48009e2-8adb-4928-8951-1afff8077917,0039b618-98df-4c0d-aae3-f0f2660219ae,d0626640-d07b-41d6-90fd-9ddc57489295,,Tempus venia dedico corrigo vulgus sublime acceptus.,2025-09-18 23:45:28.46,2025-09-18 19:03:09.288,2025-09-18 19:03:09.288
f4d92c5e-6e76-4142-b3fe-5ad4b63639b0,a7530910-8e8f-4f03-9e3d-70c2da0737ce,a6dbbc23-130c-451d-9b3f-ab40d0de8f5b,,Tres aperiam tumultus accendo aro.,2025-10-04 11:42:49.814,2025-09-18 19:03:08.981,2025-09-18 19:03:08.981
fa7e08c3-5f96-4fc8-b306-93c50c3c1b16,01396932-60bb-464f-9b6d-70cc264cccdf,d0626640-d07b-41d6-90fd-9ddc57489295,,Debeo vitae amplitudo cogo assentator perspiciatis depulso correptius ullus.,2025-09-19 15:31:50.35,2025-09-18 19:03:08.262,2025-09-18 19:03:08.262